0,1,2,3
184.94501930816722,23.49613124122951,-88.3519595991368,133.14194052981424
-380.3776629686875,-388.00146467360094,-276.28602538335656,-340.99016897306166
-41.76245743317896,79.6734392637834,-17.51867684647261,91.16385042652486
23.563098148979275,141.68346709626337,69.56861981761502,-21.00985167535023
-177.64839231693074,-365.24676216270564,-250.5474686037756,-384.3319300062869
-199.00274528802032,-227.7090395813435,-159.46940495629323,-153.70512160400855
-281.76682468883416,-248.64015298835878,-368.49712618011756,-283.2127840120619
-51.59535714400736,240.35868178022037,-141.5637541959477,126.01716159482483
5.027911786127667,107.21954944470849,24.70988523431358,143.95762260697504
35.04655066593615,-185.48738226473586,-81.50184925609526,-170.86457396549002
208.79311528579265,152.0039310191092,129.2463245194848,154.48531793004153
456.1635847002245,172.77520574052755,302.94659131823545,322.1089210075469
-90.11267417407284,33.85821886683029,-61.410638767917185,-134.65256913682342
-257.99788741157397,143.5767297636796,-227.85818317600797,-71.90709763653393
-133.6644193325133,-291.6042181105453,-101.14326277336167,-324.1738219787693
-34.04232046899695,-18.58922645838535,-311.0363338432716,-76.68806819273738
276.1711693437535,-183.86749323437053,90.09724875375838,29.299627713758614
-19.303465951768068,-41.55382626791855,9.594800157997554,9.890155999799541
62.5874214895799,49.59795667617216,117.89170788758072,59.93766685009733
348.4804161294213,98.47015588878317,265.5700392884853,328.79384109171065
74.54329717210862,231.08729996651874,-75.4596637747116,125.72526843319035
265.114206660632,340.3672994515933,195.45838111690196,323.9907488817501
-254.19664157590165,93.71968466766832,-140.46545948747723,-41.118596859600416
203.13833996252757,192.54308580507495,304.91315197636607,175.50595197506888
233.10554563012556,-344.46964712662776,63.211285186040435,-53.202843310805676
-0.16489104327592308,234.6931634941916,140.57064170649016,203.4683134130311
45.76541882329432,-64.13179189973931,-7.177292221941884,21.503981237379328
181.7645696392369,-53.993646041927434,93.00112482765819,18.45158751789459
132.58228680070448,2.4772728899994174,-54.73049138599218,160.90778425284807
-51.62650253749872,170.92092886932332,176.66170465903537,48.20810993903906
-96.21042511635737,201.12843047928015,87.83522998679268,83.23623717895421
-131.41721199234564,-44.03820084849791,-172.6652210864658,-218.01704754494773
-327.87241985204116,-159.52444334299375,-320.46496145770465,-211.38513388050586
-180.00534161568478,-388.54846475959226,-187.34833483097398,-455.02492255032814
-357.8456452813007,-149.8697070012559,139.9662627789712,-246.73935737201236
-177.12620136016815,-196.9102841846048,-299.14693939697344,-267.386939853377
198.90260820436527,-23.388268868829304,-7.582493862058451,-43.561914146304744
313.23217898837106,-64.84151965211994,-105.89858009702736,-52.75984865014881
-219.70643466499067,-333.4730556162628,-212.5527848607091,-194.39061903016466
-250.04542686836515,-157.1508269404368,-11.235912204762935,-82.71473940338106
28.285526260163564,-28.551511210949773,209.63605888651685,-12.065822469656416
289.7589541156638,69.48491279864848,210.72013011265213,178.33680560711207
-41.96146281907738,190.4406603625476,-89.0644186275827,41.417455683320156
-276.2372014645996,-196.81114824749423,-14.05254712782849,-173.19209266783622
-226.0505899130301,-466.2223287586481,-222.95613794036805,-364.3364872319356
-168.77964289186977,87.27406685648063,-236.66528028729817,-117.672246987964
-469.68118071072894,-224.94761816531766,-407.3810077260545,-354.85008070991853
183.6993464285009,371.32716188114085,226.6801038457767,357.16297389708825
-12.27285417804829,-7.454719543132574,67.85850806123952,-1.4379835765138609
171.49025327824697,358.39223145986597,46.25338593943168,271.029134219558
-89.5231839433185,48.13524190673494,75.43604317429514,-46.63999632795704
155.01680477467664,333.34491790840167,212.24642144429035,277.58588153161185
-285.8422473950831,190.47789732943733,104.36317091726855,-62.090170285440045
-118.89980758083037,24.99997648118018,-36.10894836270856,-34.72966824351987
-248.52381183302367,-155.6035007442969,-169.87715417123886,-147.01939477382547
297.10463804753056,56.46370984819804,-17.63715314946375,222.10917934165073
123.30603394205941,277.8951075173809,83.98529339999637,100.63107638182068
-118.2062003461243,-357.51922693200595,-272.4243123965826,-323.39130686245187
59.89718558691973,4.376637037212844,163.74975727392078,97.5572022816321
-177.8528283758033,-110.12805716432788,19.08373466056339,-234.32409045769725
-126.78970889083456,-414.30579430458334,-44.05366216100846,-356.7785820461478
-127.37256267540924,-42.35057171998301,20.738206723792928,-3.1517119922424524
3.2789007212704697,-66.75580160667597,-90.56817725294701,-80.45288001895925
172.6281926058213,324.5308850428368,138.7507508763707,323.2516808004281
-397.33187331058474,-279.7024563249055,-299.36447692675756,-357.42244542708585
-223.51564951819708,-356.99529519997577,46.63720722178568,-266.1169142391178
-29.93051340022386,231.46493034072375,230.56862751509456,129.3178653162388
26.105607020698137,45.631595722096755,-168.57309951699355,5.6538183991536215
-159.9837762810312,-11.191842290337972,41.71812906680487,-19.404183618654475
-322.56663238215714,-15.931237245510175,-35.384294953792704,-199.80560326938513
469.3436369940751,89.53272109107105,33.08581965280337,150.40737985358845
159.62774148834748,119.91474795772594,-3.72814617707928,169.82411267448964
216.03868251535195,-136.78778449657275,62.68772205224269,92.91224228390305
-275.55479470254244,139.2553548717609,-89.57139551610723,-58.46524471308293
-225.0079850154482,88.365686366753,159.3988116736152,-15.734454426256429
58.063646739979966,3.297124762566813,-1.441831459915479,-9.54177054761219
220.05486291633363,-295.5717335880141,-190.0765034254538,25.559677896059146
110.76152095190683,-146.94344313851116,-108.85733310486754,-198.12645982011833
-49.47710344984541,202.6062090050414,197.5375805763295,80.22426912562548
162.14428754014213,-205.05235111334648,-55.01488178489937,15.884270648482627
89.28637100773533,256.8615204883956,192.39128487747976,205.9586899790689
-214.70409278156103,22.406252241341672,154.66660130214845,-24.28129831654422
-94.11956795093356,112.46140233174972,182.09848391594147,-6.501419769105635
69.00999824228097,146.03176221426756,41.80696626502887,142.31309171582382
-35.55812573955191,218.87403257047785,89.1368127219523,111.2007876985306
98.14710283751712,306.62545993447554,99.29266488383428,196.85854177714145
181.39274300998431,430.7856121269714,193.72630851883514,269.82808535503915
80.16831373242047,334.96131091769274,240.840591336016,99.64635927358397
353.80207262043615,263.22568490412687,223.38967446186294,441.3855074282522
-64.96873506038244,205.26778354563737,130.0994936537526,134.53890591022406
-624.5594799923159,-379.24118571260186,-240.7674206349278,-518.2502769063913
105.60062589860888,296.91342192654434,-61.520234952239385,179.5452751658517
0.6399091337808268,24.340096072599792,72.73182732226732,93.46225543030626
-77.29757181575108,-135.65737796450452,-19.195388208262937,-106.77343275040188
5.588058124120238,-311.74611506654156,166.151069217317,-89.06759475705138
-298.4170646000457,-154.14438125425528,-304.8586811193461,-171.11125942220207
-173.1610158873259,-300.2958043053673,-137.77279820306234,-206.3735168053673
46.30588988955829,-16.58744101620292,93.23579628895841,2.8776005038383725
-15.067257090975305,80.84064207685788,94.11463407152182,58.50054462956479
269.00032152949643,58.111428046252705,36.47213190324252,92.55342537069347
51.44075841302211,383.8461869653158,212.27197425455117,212.22290287998277
-107.49977819161211,-3.957774646456744,86.15736598156414,-91.12967931288887
113.24097627905074,228.45154153247418,165.6627911750621,179.72066313358906
504.1992359019281,388.0163686301795,194.8409715334685,472.1843593682902
-66.0672476701701,194.31092661227484,-41.37886550544635,56.377497419013196
-7.163866611683016,136.3024738389823,151.5159458159427,62.17366266512322
-81.64423543459834,-340.4781286329123,-273.50761769938885,-220.53455224591855
435.94892565039464,149.28263815825198,160.3410190923162,245.75459098737602
116.2978333172506,270.00330372663575,148.948677899747,134.13626679214218
80.37314317933081,-155.56382433741268,83.18053082586074,-23.772827281646574
-235.75180606227278,-34.62298969869377,-40.2948987577886,15.375153862971457
-69.1636004221156,-60.13477297606352,-231.14770293124036,-154.40041363644502
46.470005432596736,153.8349563594228,91.97869083440968,22.96954188099365
485.10992890980935,490.1405544500748,251.15101112317808,464.87310073469945
13.852959661059735,119.86033935709807,-23.763901742869592,85.60620114541189
179.1344927110382,131.5907644063437,89.36868825778761,87.9480614829002
-280.37220167191754,-230.29883308267267,-163.74430257450487,-321.69107684429395
98.73947435346537,-121.44778033312373,106.19691038780249,-106.52002034676279
101.68334314606349,45.87998288319932,142.22822272833815,43.98424193439513
-432.9836132310345,-530.9301789879295,-377.20569768137653,-470.5518397108812
99.27924035543448,212.82745630211153,160.45151316524405,149.4004618218915
-191.57690541255087,-74.22534660741275,-201.50374501583923,-83.83170620138485
121.20650292241731,314.9159008132159,101.07416029423163,120.33623744394781
-0.15019425902908579,119.40889981560942,35.520063223475795,124.97326724163682
49.524524950825075,-115.4757621150419,77.13444455366866,40.1605549031677
116.50195498566316,146.6817458840209,221.82577440909284,206.40142728913779
73.63356091830286,224.4404274990054,132.88614143742197,186.0347206380031
-222.00506008788858,153.30570706489962,56.82028888210249,-109.94987596376248
-203.70274512980262,-124.61708360062852,-130.5209458342969,-140.4482504602815
-64.41514394284279,162.4901705775487,-254.05746258766206,-121.73900673794549
-18.929797506773525,136.77404519748907,-9.565715988998306,66.45241890071988
25.4132313019745,-148.54337772243167,-120.49209743008828,-146.30840488144958
-260.96814340046217,282.92988478567145,6.778888152560805,149.75697284263043
141.32179433048526,171.0268599965489,-65.82958245771944,66.16621434355997
356.27181188070006,178.09719417220643,170.58230322979787,213.4331567157439
133.88217146754482,-298.56483448747133,62.176298094682984,-76.48151227681616
153.21328836143843,-368.21481888966844,-19.94379659786968,-129.58425951837458
-108.88195594847484,-65.95925636734609,100.41704411422674,-63.33868648145608
-166.54662238239433,62.70106245125331,-27.72034527648361,-1.3024209787582566
-33.41778069558671,-203.937342519748,-181.7320345656432,-210.1778879385051
203.84774182223083,-0.18136872940125182,-46.546068130241586,7.056986370686311
-595.4649165052052,-249.4724184014006,20.164898637358604,-380.6143093432723
99.34074421052263,273.9504283949562,53.3897463323112,201.23174236683315
-157.80649618917354,-18.29433791323136,30.040112259870916,-103.02426612422661
-149.78145950761476,-39.49163846395904,-16.983488341842527,-93.56758054947792
-98.53221459258016,-8.260214578011004,-55.16926954453814,-8.094417983539703
111.44522743311342,207.43199062198494,191.98687173862663,95.83743209787619
193.1701068318778,151.88517079366545,158.4219098069064,164.61414645855143
-104.99930575281772,-128.13463127760875,-10.84051790269523,-163.5625729099509
211.47808511996752,185.52378508315988,137.65585089812487,206.77165008363562
350.5380442600192,169.46885863726555,20.756197868248876,255.41058255711502
202.40095656428826,220.2203712406431,7.787640303105105,228.64597608310126
127.59663515131591,105.94249376994546,224.0662172386632,145.15742461060796
271.22338423516777,54.082468712261644,117.80191291989004,49.11722783965937
-38.117167190446864,-91.72122864955739,-228.21416184336866,-95.2844846456659
-290.50994790039096,183.44448486750747,-77.4984875227022,2.3409692396738695
-30.061708292589014,232.8400650936697,-90.88418002114283,42.664307701748875
-115.38352121900029,-139.38103840664257,-14.805303184690807,-124.4890301899252
-59.6903246823018,-78.38136508317994,-1.471743659177423,-12.096195510168812
-28.18356537257211,7.14584615080623,-4.57734316809758,11.567922082763328
253.43792701457286,100.12408360970733,291.31899905517673,78.72317988743117
-65.55332924195545,164.65266317055946,-152.70497585470798,8.77662506255973
-127.09264649814541,-81.61759592343486,-39.67123770773992,-24.95937007192726
-267.3778096551391,246.94752400994622,-103.93808066883057,56.204022947437444
425.9074269030371,262.14567487743534,239.0143948752552,369.0955171283665
-157.10271336336413,-231.0210072748006,-185.2410704067485,-184.51141406938197
120.88591243672802,126.86946501041236,-64.69828210672789,98.01807245514968
-0.32194565933151814,225.78366592435071,75.06717841960227,49.99575009003587
-219.46384769230824,-146.80420490524116,-163.61795177960727,-39.746271706421155
-257.27152289673575,-148.01823048600465,-208.879992228413,-156.5195597560338
78.99945932991403,-157.11499363624577,-156.39593779640103,-45.4694665691344
26.17026245741222,-136.8000385551639,-71.76958225491781,-48.222542577586154
319.1761342745031,-12.181565809483526,36.038550730990714,143.58453222079174
94.1109884571185,116.98954761067068,226.76032445210012,78.87941481320696
-217.43769168405854,-174.3218917344608,-66.65851955048471,-280.3131547946604
-148.30265914970224,-108.66854580087318,-18.537201782956544,-4.976367687623439
-78.24889966671284,220.4005945381702,-11.98450197326,-17.09323118083254
112.76484989800721,122.49899705841352,194.99310936168146,152.63987690422022
293.95262077996057,356.2583357426336,235.76673153068137,362.7250466921337
201.04071094929955,128.20074196476952,78.21138484856486,131.09772749779424
-192.0129886897916,-59.53969740006504,-116.64365187293272,-121.5267206069381
-201.7298562151397,20.918039563893686,-21.525795453936382,15.80956026327875
156.05615647573296,258.17015719575164,134.79358979902216,156.27594826059376
-58.25096438299791,47.0553412752921,-218.45678253606334,-35.98454224918107
-184.05743744972966,-182.77755904881448,45.77271941601217,-219.3984311970383
16.267286185652424,-102.05360828513453,153.6503420031108,-25.386465095472612
82.20994831725774,107.73564312105997,102.64144905564498,70.89381143025713
-22.802752153147562,-17.530071071057364,131.14251116586632,68.56741892013315
-70.37079768636139,32.891512180029196,123.11531142410935,90.82054518887912
46.35115770420988,344.7737609138791,163.96425306085956,146.513944548106
-129.22005472342536,111.35557135770726,-273.40851458210454,-147.75564267709146
-27.213409883688456,-77.03536258204893,-113.35841943166035,-132.03724683212627
232.93240816297487,43.47822162061798,-104.34858910614675,21.931931634976753
-336.9637012413583,-465.8235918072552,-48.01462083012317,-302.19560565926724
47.531044171777936,-80.75866866018575,-155.0403311387407,-103.67136151229838
-127.46661426276869,13.82289175141216,-52.77566216346706,87.56178808343661
-82.48766504759489,23.332625271876978,-113.92328277297445,-49.2059520338756
-120.69313179672771,199.1773825724112,248.96493290523242,75.97133912381767
35.754387956878354,-29.072792709557113,102.38045236451694,35.23251788000337
83.61871675717919,45.97217309440159,47.63856416943271,-5.507513922698312
34.6719909871443,-214.1879028750059,-26.87373364984101,-115.13711426075488
80.98667216181755,72.56448445953951,49.821215591872736,39.772662927662104
268.02983717466435,375.24685561456135,-6.621937909258955,321.19757266303134
127.14462598022297,1.6240494730473618,-16.700116595748344,-80.35283393545441
225.3034752725679,-437.98841873459276,-116.7597420394797,-257.1134127812342
-7.506638190608011,128.69510797838382,41.28054186150339,66.98210695460092
-197.56799298461965,-37.97187601714949,138.1411048314528,-34.03932856812573
-43.362680267115266,-3.210216319877159,136.21764792757193,-36.770241445225516
72.91606636004974,-135.50992009597718,-200.23714394320487,-7.775902995337799
-55.337165885416205,-47.74741020767784,-54.668575121176595,-2.0548599040147097
38.91332954695891,-38.51217615276476,-50.68499924542421,5.634965972694049
-141.48930865261252,-115.76081343835708,-103.7413468971271,-147.09075461447162
206.48863532095737,-270.04605544676787,-176.84456753591252,-29.746825026284373
-62.82850781842933,170.2294569994899,78.78143684974047,79.10447123284463
151.45684243470367,-126.48133974359206,-104.87324069285417,-22.65304121963242
119.54831357648324,-342.0523031799587,-333.1764774466935,-187.20586481194877
-262.8345453822697,-14.231235003614973,1.7545432507000125,-102.9628544067475
-32.82197153334259,234.38672094557734,125.04823700824943,130.8275854912207
455.3283806839242,34.277705702941006,47.11874489547289,82.42069857585936
-365.7956338316414,-242.8538017150435,-218.01211709853024,-324.3928848123129
-84.11402792434869,33.75675319049299,31.659424567522,-61.62915615377189
-107.92744307962569,-252.06753183869827,-186.19140626997586,-355.59280332513174
213.23623016059315,97.59342375718157,192.4572649796597,157.78364180919775
78.94601019540639,70.25175577616794,45.82633880544587,129.45179354855415
-83.07521950713442,-55.34962746353227,36.83913988467877,-74.25369374530425
-117.78111130797156,-219.39984849759512,-137.67637184993518,-143.84971897053583
-35.84476385140956,-126.79521355225138,-29.76017490386138,-119.86847671489377
-187.81488597518012,-224.22261362580383,-128.25486589907408,-151.32994654292978
161.97694351905125,234.65959995856187,356.2034622170082,246.49239676101803
235.0182223924179,209.8302678443471,97.22881466505484,284.56044493948724
-242.37604898226016,-277.8074598966747,-185.34603713956986,-327.8792579159712
283.6203576580764,378.64935924281014,143.13596823440903,237.70800068451152
443.4722331743801,243.3320500357292,364.15527762758114,439.57096076110736
48.43516937621838,283.5217604384502,94.58642698280319,154.17510977850986
-53.44014698885726,99.41939693629429,60.88065980348986,-20.32107027753825
-130.89592766005137,-254.65491302294674,-266.9128911359238,-120.99182444176633
17.35512058197479,-141.54866295332104,-46.53105126328206,-85.82488032401073
-212.5463769201811,-376.11259983311436,-331.25998903443144,-318.97629745491633
-253.66864292245654,-268.62040772924666,-110.85494270794938,-271.45174721131036
8.1436633772498,190.60401666450505,36.26720661200849,147.17499884676877
531.2647265937992,241.97868472044226,195.53534667160906,328.40880852702185
246.73755213636304,12.843204943111878,-50.09535154901205,197.7272074281179
-111.99432266626641,60.427283688918195,43.870607109972546,-3.5692301783457534
221.4171439816546,-158.5219288817256,-84.91942453318094,-107.35500117900439
-135.00842138626618,-253.43911634208874,-252.1773174984526,-205.45577737458606
-308.4483931643749,-304.4121007752444,-201.16837071808368,-288.8617788314652
251.37321328671038,-34.25168667787482,-112.38077773728224,136.16106090239063
14.922378380618323,-271.92851435840555,-90.57730502342645,-257.7287686601314
94.76766341241303,-267.20023792915794,-195.8372896664004,-112.27405862497892
201.06918798795837,5.3739761701013435,122.30142805994255,138.41941143102278
-366.43205136337343,66.21504374336871,-125.37604692509869,-50.759848100677004
-87.92981943296257,-167.0494121059833,-193.6888356120667,-175.9326840593952
-178.58328987308286,-355.60971000297604,-184.84916004045974,-230.96554615549647
55.96588957919319,-128.21530947087916,273.88076439196993,68.17021993541891
164.8534566930573,313.65493371180696,154.60176603098455,193.4051277604185
-126.16466534731279,-201.31745486067555,-476.75532738947146,-314.71531311279193
39.600332319856356,397.8844023766977,79.53436280718759,330.8517649178282
-18.52957161108796,-122.4182070653263,176.890332313861,27.031621247037677
117.12450846786166,-22.98837974228999,60.831080353348966,91.19377822144335
-47.88949994337645,-25.129908007801063,-243.19153224619114,-101.11884454877031
12.20491877970123,165.70017339199342,149.37244057560696,150.7363688020673
198.5339437905756,192.0510726065208,69.82294704287308,263.3091740889793
366.5331851997788,78.37826343138917,-41.718822038622385,166.405033910957
-17.047359634365982,-31.123263384314768,139.86791848298492,101.56674402919977
-256.0603326257026,-81.37117736559952,71.57463485922975,-177.13997866064722
-46.71741660186377,79.17097102697393,48.83351265613071,75.8532621505052
389.6347916141091,-216.6786460459848,-53.83087455619551,-88.63109537880796
-73.21104766950948,-186.9076060645889,-188.8436795971763,-157.79918268842988
-103.17021364139289,-81.41610680147507,-13.693206726996413,-79.71083391087254
-203.7306062707744,-596.3403040857165,-105.80974933219211,-381.4175155005296
278.34511297709776,134.85981071475294,73.19965113225875,179.4194760901421
-264.7410251734396,-37.26952103136746,-92.75369754170741,-140.01579527436024
179.35780188162042,223.13757209259563,145.97187262764822,121.0125403868102
-98.85393726345448,114.6819852416791,-0.5088644786005291,-24.042015247576803
421.79753045443726,35.188252689036446,19.27343478575272,253.2300017666723
-313.0105330858383,-58.760006967321694,-221.48955809479676,-211.8711467616428
79.75521846286804,248.1254775989887,-90.50579852867278,221.67853950118948
-16.731649124409035,487.19541165483463,347.9187002958134,456.2786622664161
-175.55398143834563,-89.23271176416772,1.6338221423402683,-221.62266418834918
134.9383782740263,-276.56247235820103,-31.81676998129073,-138.94229944414195
-140.02215482444987,122.31925612121869,69.6722835324784,-4.662894168094299
165.52445083089745,-291.9884317133493,0.5902505379747262,-138.89065858674493
280.48191439529666,377.37340624080036,63.370226405040505,313.00971655218456
117.76912450918928,-62.05039492032936,55.433767967557856,-15.832594792634191
-214.96725758558895,-393.70130452681343,-70.03951501274777,-305.3080002960507
196.63375615443627,-268.53427421970156,-32.14373919623906,-62.69518818272585
-8.691520861636937,48.576298978479855,-8.33370709351666,-47.81315945642897
-290.28983483237937,-485.709556757209,-322.9463275796626,-427.815000253553
-4.705130770195072,-36.56213438268248,-74.46217693255306,-10.902959605326911
158.07151371843753,274.418958901303,134.6382485351216,276.08131335727796
-185.80635478309287,33.39179560270896,48.09584962262524,-20.949134430248385
78.77185014534619,74.78416394151515,9.919503790705429,130.71851075682235
-192.19696133474312,-229.725629413666,-69.48345792412083,-103.55501983335321
237.85266658676613,241.76044745663805,338.5975739281096,236.54823855861807
-38.62518069610716,-84.70998864862595,-13.993857454446793,-36.233584005682815
248.29355273801465,148.32618949216192,23.840917412908656,126.05313088467587
50.49171776489679,196.27444727367063,-107.54086706716855,60.76131422876649
259.23101038963347,-100.31324444987749,-128.3351020032967,-65.05360417463403
238.31905337800123,-25.50595731821564,16.64521346734997,112.97686949462012
-21.687555080364383,5.889382871474987,-158.48022712601102,41.03930605612468
237.9846227404494,-95.45835896123204,-118.21342451544297,100.21818650002614
-174.216660072962,-211.5407831572088,-158.74899696791465,-244.05630957133442
-379.18927188551163,-217.6014716459922,-315.78501636629284,-293.5241068810905
101.91798357293035,-82.38711400812075,33.60811425991103,-43.19448245010598
42.37267084982858,46.98563661609003,-66.41523699575318,-68.48830797084459
213.95854592578428,130.07178794936382,122.45523218905113,58.749450703068945
45.36960371438943,71.54233577986824,125.12244749045203,96.88462273192228
373.04700309882116,149.7337259781646,264.07447892570593,234.81795796229395
-352.35566424383774,-337.734400409573,-93.47150296734853,-240.89346805021765
219.04875881727892,409.791440881029,138.31212330798013,335.54676748074854
-28.155651539741893,431.94903515140976,-91.31323224608671,178.1188229000762
-38.69734884211099,-171.7323875821128,-313.77242070223065,25.973773298942046
-481.14694754953973,-88.99737593503832,-228.26967290043174,-269.28356175516996
-212.4583811371946,-14.766531914822274,30.37688887053816,-22.86577255621657
-286.7584133508779,-50.71014926780894,-180.9985656104881,-179.72996605750248
-51.599846308086946,-186.55753054032692,-177.1262181835784,27.703829757082598
274.7298883082074,261.62047154590925,291.54917730438007,441.7026171640845
304.43322473434245,69.46359415042228,36.790718976886424,211.4445046651867
-201.04803229013814,114.88181128916992,51.63435805042271,70.77444304754349
-74.27215593351357,211.75108075676087,161.42925370147825,52.86224930282371
-56.36859794948459,326.0591209594779,-20.16468820799217,162.14691491957936
111.23666172036704,202.67749999408613,110.3992320619957,198.5997351538331
-26.938033973273683,-239.09170037229293,-186.09295765029034,-180.8506235341759
73.34037188429593,-121.52513123863278,33.683501963596406,73.40933748568958
114.54106798794193,-38.92907120798512,-166.02314661209502,104.26410661560533
172.41353327042773,104.45976122172976,31.065530974913127,102.58909563585243
-132.88097359335927,-298.4850910343887,-184.49219333675194,-206.46520135067558
-162.6787301782101,-60.472076161804964,7.560444634302152,-212.25335013009456
268.1918807900763,78.85195595136291,59.52821279284849,24.696162503127237
29.742046171539645,121.09016028259865,43.8331228340369,158.4551884243431
-516.321902432711,-246.56587714125078,-304.7444229246448,-333.52489443276903
-268.48605953786307,-36.81169336077643,-119.57278459494005,-242.19001079815712
132.0487738574863,106.09673244917515,56.14741269440986,92.04871493217088
32.67058800057104,259.2626573444737,180.70883097208852,218.1315649053134
426.1843371254758,422.1918568189685,443.4968551318993,566.9378809972527
-75.33219650758174,307.7724734126509,196.24966586224448,140.20205997473968
8.411552870767641,120.56186669118948,240.8504686057808,33.380635632669055
-18.622483257934185,-260.29118352945096,-37.1600672178393,-80.49896853340339
-82.0222265392053,-334.6560194512861,235.44006680873036,-127.69460111741388
-109.02383054422363,43.06829759357167,-225.248846658048,20.844537853590428
69.27651735275845,62.10165222004449,-113.50830236861178,148.7466935102109
57.01920949692946,176.26763504855822,141.56328739756015,99.2047405120705
-228.1844204714134,-249.41702820169766,-109.98343271290003,-288.3263113931208
183.23278632766562,138.29602367222708,-117.71998199323913,98.0674496803724
106.84586480739668,119.73324098118178,11.741374093461308,75.45853353773437
-77.6941153195805,205.41851748863385,86.30601194841691,-56.93230154699274
9.171702801639599,-88.80781865507103,-156.24370640650542,-18.562771130992985
19.254989159745485,176.94085663558727,-52.565895162373074,145.45680929292752
-221.17052651498966,136.490331048417,78.84712403948585,-20.987260080966564
216.01014209995586,331.7093969658433,143.6048820299379,271.6611122664121
-338.7629223169272,-134.8262388082054,-139.50248563602872,-237.9839562199056
-348.8434914693292,-71.72814860495761,-125.11622454483543,-153.93753710202745
-103.2384942216768,164.2224952246514,113.15649945040506,-50.42994252034597
-89.74506214078059,-300.2917636866309,-95.44356177696123,-173.8991398790157
10.623478525624233,-367.8181040321282,-371.08818282106813,-358.814675074473
-1.1294258637379777,-37.34476519870905,64.33111706077447,8.651392984966119
-472.0296101383419,-284.9546373772263,-146.56412311338454,-318.53155800721544
103.75539285712925,100.60986533030191,-103.44585366994062,176.4938852179755
197.89235573224872,-35.234291327172144,-7.012098552552331,101.84896025527698
-5.296262178258311,17.436918269087645,39.20358685748219,-65.08785326630596
300.5317394460493,200.4302747732293,45.45304129384551,177.45267678604628
-66.72006064489644,143.61020658991922,12.480198311386975,9.864487999665666
18.845045038304384,-85.8926127163857,-92.30746956882159,-106.07029252261644
-118.44380456841536,-139.34328703285524,-255.87307739272273,-175.6187875658289
298.0410058631025,98.03489185946319,122.85621727519485,246.78439706422554
-0.4593862843084008,26.749840494483166,97.25652453888944,66.11683313739607
-37.033211610307475,172.2498974526616,72.83077577933405,176.00829884750135
94.99000261774704,322.0540137704021,183.0371351047682,217.81741102621822
-24.163811656443116,-332.1510239670591,-10.09441959280482,-138.63486122471375
50.753686572599875,165.13881678141053,167.72794018211863,85.94088986248869
-161.63090303140342,-323.06620673809584,-78.8626612851039,-404.7016878247985
-319.93536636061486,-7.091251080496452,16.35433143020743,-176.11085137529858
-231.89058491125374,-150.19981132454245,-220.88309457975632,-257.13146018015465
192.19046647769818,271.2794741935305,4.430542145021762,185.2232456639963
-83.54269362236826,18.42825614464014,-83.60851629484205,-28.30472073232085
240.21241873530454,132.04807385831478,19.57758154302296,154.1016351733349
-40.3554572496241,206.36440908196442,136.57867540741145,106.91926228638094
-226.9578984703994,107.42654110565904,-98.58216416888048,-27.73657001746805
-254.38066067013264,-144.07155254033628,87.80589885405571,-179.1803608218939
262.77212165303627,348.2561665426557,399.3035449818218,401.1002165121312
-271.200283345342,219.15687099570286,42.94608855761926,10.587027326297871
-100.76863686659524,-114.42436687171234,-32.613930386838696,-85.69790750663319
-11.659795359000537,-205.27119445902474,-296.4509193571805,-124.10297527795213
135.38854640918473,86.01010303289526,133.45610871805053,17.301792904991906
254.62145978210617,257.756676345838,179.70555383083155,284.8960018157284
-54.98581396866323,-209.7612286075084,-155.7548612443735,-218.57136512798846
206.14409790358474,391.0768637084712,219.65508296950864,283.9540955414963
147.35179674048916,471.3030701374719,260.60828781951636,340.52091578207666
326.33196312131633,173.00418193413202,102.0750520070964,168.02845446262768
172.5008578647584,254.96621313900638,239.47736931441588,249.88247957792203
19.857442225589597,-531.2742984292518,-174.44108297137774,-253.3799244115833
-90.07491296351638,-109.06649271243295,2.760853596841223,-137.24312900693016
13.09094624445392,410.14054850740104,116.32779065921228,271.56504659722896
-351.65008826809145,-347.9814226571668,-231.2582968268231,-253.48221157686447
-301.2127852935226,-96.53430724239826,-69.22211366740386,-97.42504530587485
150.71164127978165,242.04762742172312,-4.843002346808961,223.35657553432364
201.21704655836422,-4.323035596308772,-47.254239241339526,-46.344402492208545
241.834604829215,399.4410366789899,192.5256861302766,301.2979822298584
398.96198194463176,419.81367966072315,305.16833592323337,393.4911898762065
-63.39931672239692,205.3890031734292,-98.24154331234764,155.50269279158135
-77.37726554316393,-92.1940475907119,-48.801221131038126,-28.680993055952538
-31.916394721384584,-386.75359693445955,-190.6197455055049,-190.04778655288737
126.04362140293047,141.57644738600766,93.06063916697288,190.56697823850678
282.03181984531244,411.5571754743581,157.89858986210243,318.35042301212604
-166.46352116095116,-257.1481293053852,-162.59668994498512,-246.91861174465373
463.77656520624225,388.4408853334176,375.0089568312654,494.06274007601024
-104.90723128048478,193.3367279057287,124.38032211944471,96.18930295252073
100.65876171574949,230.43855837733696,43.04250219072953,142.32023959929623
114.32140259900244,1.1164214321361312,-25.768144715004148,79.67085393723946
-92.24578954044456,-340.62629362726307,-153.58541494101462,-314.87350406548137
95.11886046182046,206.74026092962848,194.28029078585791,269.27977885245554
56.97402891071954,42.61904638704913,-154.12737285427085,-54.395191236114094
-411.4250458933542,-86.8992555902389,-410.33100642535777,-234.59802963703265
-107.3785690865746,55.166847330725844,-99.56203866211025,-55.16786228407415
139.80057035179004,3.8235669582349594,5.613456879932109,36.85025814314781
162.4999560858993,-49.88716825713592,24.340891011905487,56.893802348364474
178.20079047482375,105.19486538564408,42.49053332262728,136.47293173748807
-120.58644600365052,-219.3502706781381,83.2780588431228,-73.70244551210281
230.24786893063606,-20.512259723373404,136.79175889439952,111.69053439877221
419.8677533113154,150.84941946721216,153.23263747974002,208.64987285381164
-105.86932049074606,42.63797355981476,-116.57623422621587,116.98839540606993
-560.1873368213768,56.63014548482,-178.78097541043812,-264.4466563338298
-191.3837968899488,-149.9852310131224,-129.41286511910533,-123.27501911546153
208.6623445433642,203.51076743526198,151.39368131321507,188.65348222130612
255.9125562022466,-206.91646048916613,-203.84922963947423,4.865961336313642
-112.73357142653003,-163.40913847973007,-107.06716376175167,-155.91531173394952
-12.18068897323118,413.09679225284924,258.07971060187896,239.47797847230285
109.36992678974117,-119.6812157926842,63.118802761059825,-75.17534045455724
-215.90972028527236,175.7582157673712,255.83564070574678,-56.19444956003361
339.5343187447326,47.112367025132436,261.7976471602846,267.53936834470363
-8.192837237153736,-193.50431660399192,-75.719357924073,10.87215632801358
70.54020066166967,36.108176196806305,-115.977337150483,-34.368351983670365
-6.667848440533757,-258.907454483976,-235.84062448295245,-158.85445392826097
-65.46094608658547,-67.13393086347092,-194.47234793475255,57.555476474277924
-113.02555847267647,140.92861625312884,46.03080027645061,25.44965229189009
107.3546703277461,293.90178895073234,147.0263341719262,225.2982051021105
-51.85103008076891,-450.63041417683206,-373.9650330397643,-367.5093843855423
-240.91910138920326,-87.84908746468817,-32.240545178464586,-121.22649428142654
-3.5027035449430945,77.32232702803168,-31.845753444098676,121.37622591506316
48.72025463079856,-467.62407754707647,-345.2914469297595,-292.4319332833135
-75.41173513213238,-402.5148001671835,-356.49840518302847,-230.9588334017847
-158.19014933318368,-49.24593592026933,-103.68698054339107,-66.27974798131282
168.62765090038295,265.05636794442404,209.1283631891339,295.464307759901
-46.43842875305968,147.84319133351366,152.5501120114176,59.9068301440075
289.54814859965535,246.2934619721665,20.370368222122323,236.4775497336234
-44.902636767108746,287.32354044629926,-2.2621299234965835,166.0969352921396
-222.27726894777518,154.43042489983884,-108.6646927583946,17.289110163399073
-269.1358243380284,-265.29638247013776,-121.87598667643823,-235.1178064473455
186.31251661908576,-14.012191000206268,47.87185701639524,21.37819896407211
73.64554350334723,-93.21039330681518,-43.68106063763924,-16.22413783148763
118.51227922570315,-314.76268444057695,-198.34441813348133,-121.17992650536156
277.759298288807,103.90823163868136,104.31298036773056,77.41399488174179
83.4065656088679,51.36090407046372,-161.14486168740723,14.543236188961924
-95.67946359988827,-98.96325060159873,-4.698565186305762,-149.74717314323897
233.5673767878827,274.6147773045463,210.8072206979941,257.32387999087086
107.81546983078555,54.14504108136823,45.45906216424519,67.95186982840657
-362.91035316878595,-388.22984465507017,-245.7734660291065,-391.3536799793781
87.05340892384373,370.49687070073884,327.69765720951347,233.14943405918163
-152.1354820122838,-363.2895172603901,-221.38303486175047,-314.4415312515864
-19.359612050816104,-164.29955811390542,-86.84168306535591,-123.31326433984843
-27.446986608022872,126.1292410851856,28.16167904649458,15.463557665780558
84.2375811991387,-12.854467148782703,111.54663963114281,6.758541030066562
-53.174689519527796,-108.55539907827757,-179.5399682896196,-207.36622303078335
108.724417225317,117.02982374694157,167.07746263008917,101.78165480737405
2.686353563538477,40.98698811356556,6.103313011799877,-78.12426152588507
-77.33557073715329,232.2067191730497,144.83810703335106,111.66002723508122
379.7568639172663,436.19183849073005,308.3979666001245,526.0350142361078
280.58868127471874,57.10756281142708,-82.68247140494658,174.52892525540938
-107.58996229101466,-308.2568677248237,-181.48503839507737,-296.7291886901559
87.71882276716121,24.233424067475195,83.68387487236609,60.42003589968896
-11.385488862955102,-302.5301431741377,69.51116166544773,-160.09087710162112
12.33021369437867,296.06809950955966,180.6621153124582,172.44015653702908
-1.5657042252503988,-386.18760722409615,-315.437774449975,-246.16866532466082
163.3119820596837,38.53335473087926,-25.419329758996778,63.77117265681089
240.91995180621404,21.589268879612277,7.6063524305223655,118.90877046212329
-521.7069742245735,-305.18321251755043,-301.5428396844462,-530.3485786264031
138.17395137614412,64.7486370057096,-8.213116289196735,106.78364826230207
-346.939514324442,-84.50921330793352,-86.03555478605846,-142.17407669521555
16.274950847212697,-29.335794080433867,-80.34561694203758,-101.54394441177156
74.86975816886506,-27.52365869007317,132.1741635353942,9.256120021126883
141.35486134722572,-143.15957276118544,33.8382639524339,42.736253274636034
-254.54460788386973,-260.8497548632155,-47.13298634701476,-188.78403037319978
-229.7293587585768,-103.66586595268075,-322.938308825126,-136.38915179040936
-67.29019475357089,154.12750723326644,233.52738225915522,80.83852722251342
192.25439119714605,-306.30310702976436,-30.954363198744456,-178.1289955825429
-42.5521037274457,-387.02166860478724,-55.13639223404022,-147.71469003487616
37.66070271094076,226.5133563113057,34.09411883662206,129.92204257958934
-74.96773007862133,-226.0854812967389,-8.198556296758618,-169.1807827538319
104.20595699403206,-99.00174453274637,-304.202366739521,-165.4562560389216
-142.31468306189007,-262.5606436989569,-190.80409089180114,-94.55554953234692
88.32632126497991,-143.9202695230737,-52.938477789652794,-18.566378720986947
-105.43501861381372,68.90258318580098,49.258102988904454,30.25235614538204
-61.259931510290194,-218.39963789629024,-97.61549104815123,-190.4981297890269
-98.76830488905206,-151.2735271008981,-40.27734026285959,-146.25621381480056
-220.48891768144796,191.7685573977661,74.85024329655471,-27.565126233269382
237.09439734574764,249.59858490741925,145.63540731252527,229.6051349453078
-203.39037553176928,255.71180571616924,78.1973793427863,55.80963379704712
149.2639160949865,-371.7225386268147,-114.3122621300498,-188.72736101526908
-39.41806970860093,-267.6134457532252,38.69681198236256,-259.7831001584929
27.706897175905205,-339.0131016560206,126.44067860083548,-195.20197968010757
339.7532952826564,11.446680338635694,70.62939550859682,205.91421962118298
150.53807379049826,15.843411597522737,-71.5586183263876,-34.43692094761799
164.18746957194045,268.5211502006546,70.12145460390744,64.71524285804273
-134.82607486712743,-6.102791615398466,-146.33343625055232,-224.46978542952746
-33.69808692035742,-110.64133396062023,-197.3317850231125,-124.61238971064888
-204.49632783134032,-72.08364182564586,-132.49979816882905,-120.26947238500644
-121.34100548943518,-261.3212874764172,7.778498516693291,-204.62334489161364
50.73253678255477,260.45732637435884,114.39550119490471,18.265849054008168
170.03732148556483,43.82890485032856,202.683279546257,135.6916984790012
66.67136475198666,-76.021619983932,-218.84647990279143,-59.88799942523423
-19.476473978848578,117.38923947282447,-63.92575346871689,52.87162481823273
-53.741525538585286,-264.81467588307413,-227.9028508500218,-144.8307310250134
29.02488853569941,241.99221953751496,123.58238140287158,288.9449248434151
-205.85194059765203,-330.5115286538193,-121.59164962724802,-269.9772770319016
-426.7192039022291,35.42954711031434,-118.91879448998255,-108.447632282422
122.12758760600649,-136.14613833058507,258.368698508355,87.14850179454022
-81.86457695730094,-278.30563609380744,-201.9449400806183,-248.35262092326207
-17.89430562900162,-72.7939516801396,-68.69188871230608,-52.1885511074898
-129.03843093329013,109.52178409726274,-31.923753562595763,31.911553783737364
176.97541102440303,76.78934940589599,77.15950898730445,-6.124498577909678
313.7106718870708,212.8423231119927,248.99202658799192,322.8636564420344
-124.9205542956376,-474.5091286279193,-448.9417844512634,-374.74504952113955
20.64659807460748,76.22791248633216,46.20880693212742,67.13552463946945
30.088323323878825,-80.34099381267745,-40.23895943524879,-12.94167979071403
78.09419830117145,-8.081411492714745,-155.6533063789959,-2.3798018170012374
147.42260883631792,287.8978795241088,168.38207051175922,263.691298187134
-183.44535377893624,-86.52149489910806,-28.958896127640504,-75.38666445510727
63.675481526991376,-250.34258244330425,59.39319800268812,-110.83179984558042
57.75084502377472,-24.621266137626755,-62.515682050191266,-14.032484956370752
-158.35500389492213,-64.42852751517123,32.937720420216934,-7.293325372907583
197.2063391573549,15.263800325177149,74.31545777302637,159.81463919402097
74.47859351902585,80.44009549074775,-67.15939132417792,179.31520172620986
-214.56990082577886,171.60419151816885,119.99081181081276,47.56653104710397
-492.189875637201,-252.05624053866256,-72.73812428880366,-228.75820584996245
-398.9180578660831,-369.80318457088646,-285.9898079465006,-454.6482753400551
-52.33986799755707,13.13375562621972,269.8968797558936,32.84253366412767
107.65841388734658,76.72142403487658,36.20959375817024,121.93906469459911
-182.39299047179674,42.35917169567017,61.643320839018294,0.5802644337247345
-0.7464336005137517,75.47543002976317,-114.41327853845665,65.27817096017297
-262.2998209842393,-204.8978658413457,-231.61103459466887,-295.1783695220222
-246.79840139545144,-64.89381885317101,119.50864106404933,-90.25384793897607
128.102674012041,-31.560791128560652,86.2670976180275,48.02313846831928
217.32790086717125,-319.58632332700887,42.78046870890702,30.050169901524143
149.8442378736929,27.839842656937464,-21.009160862645516,72.66399369455638
187.5082112284784,110.42175350090932,-70.7752089916653,133.6483611496041
-69.73938640358712,-436.9054374455747,-310.1500661014474,-387.70405951328974
-159.6750628308088,-12.452890393672305,-51.62317182702346,-62.931867025663045
31.70773262186976,-200.17232050600754,-124.65416830338275,-127.51627421870953
345.65219395666935,-144.7129646431085,-166.5436707013303,32.65593279366199
18.88056544368811,-3.984230912934134,-25.18368643168381,-16.00144411913639
155.49425909521105,121.84497771121588,209.38920100634436,258.11053012854956
218.19280595364785,178.53544899535413,200.69501473353128,226.15590810748196
147.63930918469813,-24.58830057471859,-117.5231106190072,5.04467216082754
40.07886212912939,412.5034511048855,-83.291222050952,145.42156843874207
-183.09939195109408,-131.10284881730283,-37.84313193143746,-170.92004302372345
-134.8656224588697,270.7320565445893,-145.6189218170679,36.63792209288568
-2.0212595926462154,51.44893877216699,218.41266429284983,108.52277592638467
112.6283228280543,102.37787495392942,30.356372178788202,121.94166076839728
-46.2559206581149,-316.6126727021475,-167.63857509720648,-200.14521274870225
-233.23252062539032,-39.15027333148125,-125.0020100551085,-135.50927111755357
-74.37482796861921,-279.44731063546243,-145.04982624778492,-165.0802096390188
-25.701855621302443,328.7968606681863,89.06136904805797,261.2816126379051
-202.43119425307637,63.95586939641586,-36.79746718450114,-79.70410706977435
20.72846716381435,-321.6617512963746,93.75610679214832,-6.2934708674620445
11.75340651848459,-192.16730722951542,-87.86888880459213,-163.55224554607392
-27.915615950448508,-169.71355581041811,4.733987130497633,4.965036738678113
27.358434728254736,-357.2424834507512,-26.55931342039811,-106.9586644888941
-13.96678314194834,-321.1571506156266,-60.26225189991403,-150.07089848694844
111.58908891817055,127.64267257243381,-3.174395163276806,111.11743852556222
58.52255275025881,-41.87465743317083,-111.0982815861168,-30.395600091816878
29.225411646378376,-15.133923544761588,-54.54347715121554,79.05392695732125
147.62455648579106,351.69639327022753,257.44166840055016,218.76725753890005
37.32262284408977,-208.70786383243905,-261.46871552119586,-92.17172024991085
-126.63388404198243,-14.46336881627387,-76.2367666480263,-42.08711233144176
165.51792772935923,15.316183788235831,-3.9397202059734906,61.90327210870464
264.74098488268146,199.95454076492743,169.56376388072982,249.63483081077615
22.12878012268396,1.116568923221188,74.68393905946391,44.87021526905505
33.59642519244027,146.4217252447957,-78.65109819907933,54.96907780825777
253.5188516742542,-95.55521430491363,-42.41382198123284,190.98622720710668
105.83512770635649,336.54662911674757,241.22093418117066,214.14177254698814
122.71072710381038,-114.72506935309323,8.52225236876288,-31.104247675643794
-138.28368053825616,-184.27681513542996,-31.487077922187428,-157.8023201941018
197.64461039362422,-98.77269595675789,-91.85889101021164,-80.8225601898199
-51.49388752495485,-28.820927782559863,61.68075442502413,-17.39421045606139
135.9890537021964,284.3550026909811,3.9058485159452534,101.91775023655852
-108.13050471960274,74.65513150646954,-111.8939194640027,-63.9532577292158
-427.0533276948223,-264.2134849198665,-341.4392189123949,-355.8362927970926
23.79011987040359,-141.3966192705382,174.76145601998863,-102.78587814664671
-54.37339928036092,-409.6777637541298,-448.26611741945845,-255.4014856508566
-110.25997425416566,-219.67400680612576,22.04931839652221,-118.00767187158515
24.822049660931924,-88.8910621058265,80.95230900427259,-60.26342081193594
-148.7520907225587,-12.190573106433499,-58.395364784911465,-46.745754024041815
341.90141226399646,159.8600310451946,181.9769063631567,319.10367939899595
-131.67831205397167,30.134013469608544,64.02954360524336,10.314020453058097
301.58636830652546,181.4960044518064,30.521820951440095,185.91137398209855
49.59792911769083,190.90267737853952,224.79148277235825,193.96337662352633
62.12495964037311,-118.81667466924382,156.80816544027692,-29.222419034639138
-112.89136780313892,-15.031516556353646,-72.25378114013563,-19.008129178506703
-336.0807022188031,-74.60571090132642,-120.97447059368757,-212.5127337610113
-70.82858630691426,-18.906343646818435,86.05935636089467,-26.863204776266695
208.7144097185384,369.7894783755946,115.46753566982372,363.37792109568437
124.3102394955767,219.85325729019075,35.89336198176978,138.0573685493689
133.22507139667724,97.85633264344375,-7.380883024669019,159.5992197009312
444.68974974495535,184.61612838843325,252.88292718944882,354.41721774903675
-19.84495946361712,157.0412180701192,-51.799001747600656,-62.407618576990814
265.06065853646174,-95.9186781421608,247.5197942317379,28.18522905512541
-324.83745243929064,-166.56949900355397,-137.14678621039994,-245.91168301026883
-106.42241588607345,42.08782293586961,-160.5589755728274,-3.9566653270559042
-320.11652930891796,-315.6809300137768,-396.78302826836097,-431.183885955067
-27.869859539169198,138.72279572027887,31.526292268625774,59.82177765500633
169.1500855803468,-137.08893573501038,-55.03212297582008,-11.90905751690007
-135.79533173531414,-166.34914812775207,-144.0075528567099,-219.42369072186983
-177.00164085620932,65.14351926446648,143.86995672108526,80.05696105699806
-312.08450788140055,-452.97409831653886,-242.92001681137305,-455.0876568219118
-84.76063342450124,67.89493076638969,2.2836986530414345,80.7489848704504
-16.43498987471284,71.81323020404554,-120.32133732761488,65.5587370476384
110.45361271836236,-17.689854091835006,-42.782879731628654,-13.316838517510588
320.91312030721497,451.7637783812809,206.30276947241703,213.51790083810064
-46.56961784207017,304.85451015710436,-18.658843481827933,149.07363060365776
45.032290929873774,-22.965168620599172,-93.40882197547768,18.895936344696945
-40.248709699382474,-41.71193633270265,-6.396363555350764,-77.55441222861728
79.9590990479807,24.461160859281613,105.45061848397538,45.49628842313071
-138.48802386147898,-263.9681352237949,-173.4807374972458,-206.39806552876374
-315.62701543439687,-178.5294522259608,-225.1893052099872,-172.72624872465008
373.11904879387714,34.826251511629614,71.52270681752684,117.54199635885446
-3.727356990039994,169.61719564822587,38.04879258607228,160.56374981495173
-195.25381466289446,-146.4537549709253,45.287934012998114,-25.42925365007531
-109.07710877694302,204.85788764184497,120.82472097525729,94.95418542835543
269.00342246233106,-91.09506720092251,-178.9051562235084,97.03535500503911
79.71321140263927,187.17850367736497,40.92882393055813,151.8555069491098
111.26760255991887,-56.3163299504044,-172.9613820754429,23.429092916670236
243.00181485756244,75.41030514541227,172.55032864496374,59.4808412570245
-14.112676128084983,146.26630166733776,109.63844185168516,39.83426760142904
120.5318173367796,30.564787773703372,19.926043750727626,163.77108881236316
327.6711336050366,450.99852724529455,335.49635570737956,471.9550123032303
94.62255783048687,-120.984150880732,-88.54621950078128,-59.567680750623786
-48.013229983786474,128.35365316970888,-28.669138530182956,5.713199902452572
136.39949090283167,-131.52764336838842,-127.67562412097458,-122.8102798835666
50.424046404031216,-143.68391869747342,179.09456226603206,34.88939919940548
183.99520195791158,64.0729561866017,-118.01828191280063,164.3400705167013
-74.4586083601865,-398.01971275035856,-164.3991038671358,-213.7639726078802
-248.36773062519615,-53.0685411436005,-65.36664361749887,-120.2630496588261
168.9946476971235,-69.53885002992395,-46.07035135085457,-62.866623020445516
92.16025711770872,113.25082381572179,240.01601517239934,180.7693894302682
-257.6623652184886,-11.964617652783424,-224.98370974901377,-133.42111603219183
90.1715512330348,-313.9534867761367,-178.21878215056003,-169.95660672425538
168.61132275555897,-335.82600776648655,-80.02011432405693,-107.9947707752926
-58.928836101811996,48.66090744420419,98.52959503090116,-3.2278627283697774
-147.71163415895955,-163.86720900347183,-43.05307834885347,-35.59303140594774
245.27800194522715,-42.75017282158732,-62.86778460758481,17.21655694881396
-157.92453276176252,-561.1329416675624,-249.25523972293448,-321.5565192694042
-194.6273035598551,29.040119491013055,-33.75531852189308,-138.67952523782088
89.442623250786,410.9797805784289,-15.60328526309297,317.3165075787419
-87.15622785723234,-76.85837437966862,-176.30001822052222,56.949002561098794
-130.4266552374443,132.329976794324,150.59886115159168,68.9764655415128
78.64888294082624,169.87875416897518,147.1536454511538,111.87771850903688
-462.83787352254336,-450.10938285147523,-332.6736939344131,-384.9852729564163
-67.32510384283523,102.91607663160045,-32.57145684430791,25.507942485548693
147.68983771992163,-214.95681198183559,20.424028610601717,-80.561972813414
23.07380332706817,159.5406149329497,70.54562755899542,30.494591258986638
64.82009100264688,55.1021533163529,173.96388663773894,65.36331434558019
477.4619168815931,33.96801733286118,201.13668727504165,247.0703237729645
75.91304668612993,142.43794452271175,20.214967093314552,5.445580906252673
157.642255445885,-19.837250762531617,153.9608608078027,67.15431186772439
-70.89998763410179,109.51132085335692,208.1157175077686,174.45230764705934
400.4108766443139,416.69262168693643,266.4632047525762,467.34526409415975
-303.6010729793099,-279.4252378904231,-294.75308880574784,-233.75959084105182
-20.62253730074059,167.77925750211847,142.94750425133196,83.94376403143715
123.06190576156801,142.62662787004243,276.8983835276762,114.94806788171971
-106.6678528431727,-325.77587097049377,-349.6889260659258,-280.1458390032739
482.3143266793822,172.8905011581475,241.62413732885523,372.287242796417
95.92899422334355,160.85654248581884,144.64120114290128,144.96104870059253
-48.340658953435415,-132.81167043892825,-181.26843758364492,-178.90041613776395
361.3138482312817,193.67644942038743,168.57585272622282,261.39431093794735
172.6493136740594,160.91468789353186,129.53854264754602,161.89221181453473
-62.66671619316846,-295.35839927027035,-80.2002125222583,-228.9033326744653
439.0433140991255,49.671564471595964,-47.0302860140778,121.85629597299233
-67.06709784367457,2.4579474115850792,139.60383267396006,-91.56676482169857
-190.09147307295606,-67.37142153662954,23.414687099818202,-211.63637921315873
84.2782108793461,-49.52437809517521,6.383230862682236,-130.75251214945828
-290.22035901598565,-68.37754621402118,-172.4203961224272,-92.69399308835409
-83.01409058085608,213.37961599310287,84.99595232733432,2.1749943311522477
-292.3473409455531,-380.9524688982461,-313.2765200147488,-427.88262893025893
-166.39699262374936,-286.25458068575057,-51.88184158470327,-241.32487353106697
-31.22633496318167,379.5444755515025,-10.849340659135038,290.7899637461789
56.19874959555977,262.69585275734295,318.61552170760234,246.66046902272984
-187.89225333833173,-85.78361608459394,127.69162974303325,-155.4405724571908
57.612803318250926,-99.10660503162163,-216.4567187197903,-20.046328991567176
252.5724284492696,111.44103678548245,-7.8230595384308375,205.87122720878398
322.33475939400853,473.6334218665213,319.68856169638957,519.6136438723632
-203.50312587363493,-377.92728061218867,-286.21706998343217,-301.832376546288
-323.9945588065614,71.2745514757759,-42.70454936938167,-122.04012457749776
66.55418280376945,-51.5839146765605,-25.4019273943666,-31.139169004193654
-26.454359672390957,-187.95495663319863,-139.50223754147035,-158.06482957012653
-197.39189981373957,-152.40819589531492,-14.261646129293128,-87.6838395513155
-333.5571906489197,-305.1941593927785,16.149828954133728,-232.2890194748572
-166.002668915572,-126.48164458744097,-100.24298181007352,-193.72215765569874
-161.14181262550127,92.59771258049729,217.6563185125353,74.47525349622045
-163.12390675322908,39.96979060031118,-4.833354041883081,-69.40912686347635
-40.96105615579383,-55.66094832809614,-213.27960317085476,-110.8192649215579
-119.41581732918068,-133.19085739376087,-44.34003194086476,-70.34882587520745
-12.755911726368511,-261.2343362408284,9.54082695799111,-57.742779333252
139.2386751533656,84.3257192753506,32.79402154303669,75.92902678924573
-147.16955162012854,-166.09053429624652,-211.5774011137515,-131.13408805300486
-38.21333993365887,212.96542191178034,179.82152565991672,139.6856068906599
-105.69926827352936,9.716049240286704,8.83887162000478,-60.62897103524521
269.95482604958625,217.58642810089347,51.1167552143583,130.34108573855227
-45.550035517978976,-254.45396947546396,-51.56073125858241,-180.23926009392005
52.95886855889039,166.20242885504598,-32.16950753221197,222.2249969719022
-65.11677735274047,-155.21738036707896,-97.18496989041621,-57.81039899027248
141.06234007125371,-173.857134731479,-29.984760837781895,-120.12848670873058
131.64205365892425,398.3980453054946,71.85105565545076,334.4632304562505
309.70775597953434,327.5653588089815,226.24536582034884,348.0089880368066
-88.24701824402233,-171.14326151770874,1.054028835769388,-126.51641352551238
-106.53994376381357,89.7340776143748,113.68162952150259,29.761866787393565
-188.89931969122253,22.583193605333634,-249.42719046862553,-80.73529871157847
163.5979404433912,-116.51488383073767,-292.7982032211521,-94.91860938667165
-88.62883385433665,160.49183186159084,128.80536171738714,122.16070360985556
-49.82458764292001,108.24923635145554,284.7986080007125,186.95718624066382
-127.46856467917446,-154.62801999884286,-17.892017153262582,-127.96189904103964
278.37997167719675,24.597362678382474,-45.24356347054682,91.07518551510246
-233.5735584550811,-107.32667426621074,-180.1966828962163,-137.9139435743568
447.05175758094117,238.8403387245506,176.48909237401486,339.06987952472423
-163.46450559807448,-258.0096036859381,-128.49887875124867,-149.41590298338662
-54.98189437555627,-26.067208711513345,9.100180135607204,-46.905765419585315
-180.8427726894691,-116.53576943396313,-112.32377756800952,-274.4629006625595
-42.77236103369104,-59.36799671543308,-75.27503158818035,63.822310219476755
127.30894322293776,113.28542020011923,120.63437883930105,170.38209307906723
3.280964168136393,-179.91569085140748,-76.19654964448094,48.042128622212616
26.120275296268293,52.20447102183513,-21.73707638233127,9.296527977573472
39.24886616349353,131.06020536587553,134.96299973984074,76.38706075615156
-4.979659179239645,-133.74835417461867,-57.176975262009776,-40.61309143296727
31.0205576714458,77.49128541902907,114.8896457223242,49.7122933480207
-217.92678210877077,-132.4010295997856,-18.30729243212299,-230.4230009486356
0.11270938435718393,-374.8116218482531,-131.2290269002271,-253.1623683233068
349.6969746281954,-93.93613646364908,-71.27235816880324,64.92749313878413
-111.31403086351602,141.54602364685795,-17.59522384139703,-5.903883060794952
-35.63070486758927,-53.970984225088586,-46.21427431277655,-22.94300773291966
-61.07457920039147,297.4227255599221,228.43317790418752,182.24397329118543
-175.73109686340808,-11.898493478893709,131.09727426499603,-89.21081247655181
-12.82737659173334,-250.11208081309474,78.6609406440209,-125.259520296851
227.60766170781213,89.7454491594213,126.8077884606596,147.2838410975202
-266.9044557973567,-360.95063385721653,-425.4265085249825,-374.8516260531578
200.83063425427505,-75.7929889885354,-63.97084465704511,73.75892043326984
-8.40508563305391,10.795425626733214,-5.966033034803519,85.30105561168095
-355.34189746781635,-336.60809261298556,-322.40929999634506,-385.0933199358832
-70.5002353791391,-179.06004044032832,-44.895576615830635,-92.2595785048959
-280.36470507940663,-299.8133766718171,-254.45179306840154,-372.70059698538483
47.358459399029186,-20.208226503376615,-38.55645039232437,-22.25756429223113
-4.385923213803801,-206.1724308048082,-32.839766998801245,-30.926778989674034
